Country,Group,Female Count,Femaie Percent,Male Count,Male Percent,Total Count,_id,MC_Entity,MC_EntityBB,MC_EntityShort,MC_EntityLong,MC_Address,MC_Telephone,MC_Telefax,MC_MembershipDate,MC_Holiday,MC_Category,MC_Category_Type,MC_WebSite,MC_SocialMedia,MC_eMail,MC_UNCorrespondenceLanguage
Argentina,Latin American and Caribbean States,3,21.43%,11,78.57%,14,5ed5136868235a1f35484bf4,ARGENTINA,Argentina,Argentina,Republic of Argentina,"Permanent Mission of Argentina
to the United Nations
One United Nations Plaza, 25th Floor
New York, NY 10017",212-688-6300,212-980-8395,10/24/45,25-May,1,,www.enaun.mrecic.gov.ar,,enaun@mrecic.gov.ar,Spanish
Belarus,Eastern European States,1,11.11%,8,88.89%,9,5ed5136868235a1f35484bfd,BELARUS,Belarus,Belarus,Republic of Belarus,"Permanent Mission of the Republic
of Belarus to the United Nations
136 East 67th Street, 4th Floor
New York, NY 10065",212-535-3420,212-734-4810,10/24/45,"Independence Day, 3 July",1,,www.un.int/belarus,,usaun@mfa.gov.by,English
Brazil,Latin American and Caribbean States,17,36.17%,30,63.83%,47,5ed5136868235a1f35484c05,BRAZIL,Brazil,Brazil,Federative Republic of Brazil,"Permanent Mission of Brazil
to the United Nations
747 Third Avenue, 9th Floor
New York, NY 10017","212-372-2600
212-832-6868",212-371-5716,10/24/45,"Independence Day, 7 September",1,,www.un.int/brazil,,distri.delbrasonu@itamaraty.gov.br,English
Chile,Latin American and Caribbean States,8,61.54%,5,38.46%,13,5ed5136868235a1f35484c10,CHILE,Chile,Chile,Republic of Chile,"Permanent Mission of Chile
to the United Nations
One Dag Hammarskj√∂ld Plaza
885 Second Avenue, 40th Floor
New York, NY 10017",917-322-6800,,10/24/45,"National Day, 18 September",1,,chile.gob.cl/onu/en,Twitter: @ChileONU,chile.un@minrel.gob.cl,Spanish
China,Asia-Pacific States,29,32.22%,61,67.78%,90,5ed5136868235a1f35484c11,CHINA,China,China,People's Republic of China,"Permanent Mission of the People‚Äôs Republic
of China to the United Nations
350 East 35th Street
New York, NY 10016",212-655-6100,"212-634-7626 (General)
212-634-0042 (Permanent Representative's Office)
212-634-7625 (Political Section)
212-220-6543 (Press Section)",10/24/45,"National Day, 1 October",1,,http://chnun.chinamission.org.cn/chn/,,chinesemission@yahoo.com,English
Cuba,Latin American and Caribbean States,12,27.27%,32,72.73%,44,5ed5136868235a1f35484c18,CUBA,Cuba,Cuba,Republic of Cuba,"Permanent Mission of Cuba
to the United Nations
315 Lexington Avenue
New York, NY 10016","212-689-7215
212-689-7216
212-689-7217","212-779-1697
212-689-9073",10/24/45,"Anniversary of the Revolution, 1 January",1,,www.cubadiplomatica.cu/onu,,cuba_onu@cubanmission.com,Spanish
Denmark,Western European and other States,10,45.45%,12,54.55%,22,5ed5136868235a1f35484c1d,DENMARK,Denmark,Denmark,Kingdom of Denmark,"Permanent Mission of Denmark
to the United Nations
Chrysler East Building
666 Third Avenue, 11th Floor
New York, NY 10017",212-308-7009,,10/24/45,"Birthday of the King, 26 May",1,,www.fnnewyork.um.dk/en,,nycmis@um.dk,English
Dominican Republic,Latin American and Caribbean States,10,55.56%,8,44.44%,18,5ed5136868235a1f35484c20,DOMINICAN REPUBLIC,Dominican Republic,Dominican Republic,Dominican Republic,"Permanent Mission of the Dominican Republic to the United Nations
144 East 44th Street, 4th Floor
New York, NY 10017","212-867-0833
212-867-0834
212-661-2432",212-986-4694,10/24/45,"Independence Day, 27 February",1,,,,mision.onu.ny@mirex.gob.do,Spanish
Egypt,African States,2,9.52%,19,90.48%,21,5ed5136868235a1f35484c22,EGYPT,Egypt,Egypt,Arab Republic of Egypt,"Permanent Mission of the Arab Republic
of Egypt to the United Nations
304 East 44th Street
New York, NY 10017",212-503-0300,212-949-5999,10/24/45,"National Day, 23 July",1,,,,mission@egyptmissionny.com,English
El Salvador,Latin American and Caribbean States,9,69.23%,4,30.77%,13,5ed5136868235a1f35484c23,EL SALVADOR,El Salvador,El Salvador,Republic of El Salvador,"Permanent Mission of El Salvador
to the United Nations
46 Park Avenue
New York, NY 10016","212-679-1616
212-679-1617",212-725-3467,10/24/45,"Independence Day, 15 September",1,,,,"elsalvador@un.int
",Spanish
France,Western European and other States,14,31.11%,31,68.89%,45,5ed5136868235a1f35484c2b,FRANCE,France,France,Republic of France,"Permanent Mission of France
to the United Nations
One Dag Hammarskj√∂ld Plaza
245 East 47th Street, 44th Floor
New York, NY 10017",212-702-4900,,10/24/45,"National Day, 14 July",1,,,,france@franceonu.org,French
Haiti,Latin American and Caribbean States,8,50.00%,8,50.00%,16,5ed5136868235a1f35484c37,HAITI,Haiti,Haiti,Republic of Haiti,"Permanent Mission of Haiti
to the United Nations
228 East 45th Street, 10th Floor
New York, NY 10017",212-370-4840,212-661-8698,10/24/45,"Independence Day, 1 January",1,,,,mphonu.newyork@diplomatie.ht,French
Iran (Islamic Republic of),Asia-Pacific States,2,13.33%,13,86.67%,15,5ed5136868235a1f35484c3d,IRAN (ISLAMIC REPUBLIC OF),Iran (Islamic Republic of),Iran (Islamic Republic of),Islamic Republic of Iran,"Permanent Mission of the Islamic Republic
of Iran to the United Nations
622 Third Avenue, 34th Floor
New York, NY 10017",212-687-2020,212-867-7086,10/24/45,11-Feb,1,,http://newyork.mfa.ir/,,Iranunny@mfa.gov.ir,English
Lebanon,Asia-Pacific States,3,60.00%,2,40.00%,5,5ed5136868235a1f35484c4c,LEBANON,Lebanon,Lebanon,Republic of Lebanon,"Permanent Mission of Lebanon
to the United Nations
866 United Nations Plaza, Room 531-533
New York, NY 10017",212-355-5460,"
",10/24/45,"Independence Day, 22 November",1,,https://www.un.int/lebanon,,contact@lebanonun.org,English
Luxembourg,Western European and other States,5,71.43%,2,28.57%,7,5ed5136868235a1f35484c52,LUXEMBOURG,Luxembourg,Luxembourg,Grand Duchy of Luxembourg,"Permanent Mission of Luxembourg
to the United Nations
17 Beekman Place
New York, NY 10022",212-935-3589,212-935-5896,10/24/45,23-Jun,1,,newyork-un.mae.lu/en,Twitter: @luxembourgUN,newyork.rp@mae.etat.lu,French
New Zealand,Western European and other States,4,57.14%,3,42.86%,7,5ed5136868235a1f35484c68,NEW ZEALAND,New Zealand,New Zealand,New Zealand,"Permanent Mission of New Zealand
to the United Nations
600 Third Avenue, 14th Floor
New York, NY 10016",212-826-1960,212-758-0827,10/24/45,"Waitangi Day, 6 February",1,,,,nzpmun@gmail.com,English
Nicaragua,Latin American and Caribbean States,4,66.67%,2,33.33%,6,5ed5136868235a1f35484c69,NICARAGUA,Nicaragua,Nicaragua,Republic of Nicaragua,"Permanent Mission of Nicaragua
to the United Nations
820 Second Avenue, 8th Floor
New York, NY 10017",212-490-7997,212-286-0815,10/24/45,"Independence Day, 15 September",1,,,,nicaraguaunny@yahoo.com,Spanish
Paraguay,Latin American and Caribbean States,5,41.67%,7,58.33%,12,5ed5136868235a1f35484c73,PARAGUAY,Paraguay,Paraguay,Republic of Paraguay,"Permanent Mission of Paraguay
to the United Nations
801 Second Avenue, 13th Floor, Suite 1301
New York, NY 10017","212-687-3490
212-687-3491",212-818-1282,10/24/45,"Independence Day, 15 May",1,,,,paraguay.un@mre.gov.py,Spanish
Philippines,Asia-Pacific States,14,50.00%,14,50.00%,28,5ed5136868235a1f35484c75,PHILIPPINES,Philippines,Philippines,Republic of the Philippines,"Permanent Mission of the Republic
of the Philippines to the United Nations
556 Fifth Avenue, 5th Floor
New York, NY 10036",212-764-1300,212-840-8602,10/24/45,"Independence Day, 12 June",1,,www.un.int/philippines,,newyork.pm@nypm.org; newyork.pm@dfa.gov.ph,English
Poland,Eastern European States,9,37.50%,15,62.50%,24,5ed5136868235a1f35484c76,POLAND,Poland,Poland,Republic of Poland,"Permanent Mission of the Republic
of Poland to the United Nations
750 Third Avenue, 30th Floor
New York, NY 10017",646-690-6060,"646-690-6099
",10/24/45,"Constitution Day, 3 May",1,,http://nowyjorkonz.msz.gov.pl/en/,,poland.un@msz.gov.pl,English
Russian Federation,Eastern European States,13,17.57%,61,82.43%,74,5ed5136868235a1f35484c7c,RUSSIAN FEDERATION,Russian Federation,Russian Federation,Russian Federation,"Permanent Mission of the Russian Federation
to the United Nations
136 East 67th Street
New York, NY 10065","212-861-4900
212-861-4901","212-628-0252
212-517-7427",10/24/45,"Day of Russia, 12 June",1,,www.russiaun.ru,,press@russiaun.ru,English
Saudi Arabia,Asia-Pacific States,4,12.50%,28,87.50%,32,5ed5136868235a1f35484c84,SAUDI ARABIA,Saudi Arabia,Saudi Arabia,Kingdom of Saudi Arabia,"Permanent Mission of Saudi Arabia
to the United Nations
809 United Nations Plaza, 10th/11th Floors
New York, NY 10017",212-557-1525,212-983-4895,10/24/45,23-Sep,1,,,,correspondences@mofa.gov.sa,English
Syrian Arab Republic,Asia-Pacific States,2,13.33%,13,86.67%,15,5ed5136868235a1f35484c96,SYRIAN ARAB REPUBLIC,Syrian Arab Republic,Syrian Arab Republic,Syrian Arab Republic,"Permanent Mission of the Syrian Arab Republic
to the United Nations
820 Second Avenue, 15th Floor
New York, NY 10017",212-661-1313,212-983-4439,10/24/45,"Independence Day, 17 April",1,,,,syrianmission-ny@sar-un.org,English
Türkiye,Western European and other States,10,32.26%,21,67.74%,31,5ed5136868235a1f35484c9e,T√úRKƒ∞YE,T√ºrkiye,Türkiye,Republic of T√ºrkiye,"Permanent Mission of T√ºrkiye
to the United Nations
821 United Nations Plaza, 10th Floor
New York, NY 10017",212-949-0150,212-949-0086,10/24/45,"Republic Day, 29 October",1,,www.turkuno.dt.mfa.gov.tr,,tr-delegation.newyork@mfa.gov.tr,English
Ukraine,Eastern European States,4,30.77%,9,69.23%,13,5ed5136868235a1f35484ca2,UKRAINE,Ukraine,Ukraine,Ukraine,"Permanent Mission of Ukraine
to the United Nations
220 East 51st Street
New York, NY 10022",212-759-7003,212-355-9455,10/24/45,"Independence Day, 24 August",1,,https://un.mfa.gov.ua/,,"uno_us@mfa.gov.ua
",English
United Kingdom,Western European and other States,37,63.79%,21,36.21%,58,5ed5136868235a1f35484ca4,UNITED KINGDOM,United Kingdom of Great Britain and Northern Ireland,United Kingdom,United Kingdom of Great Britain and Northern Ireland,"Permanent Mission of the United Kingdom of Great Britain and Northern Ireland
to the United Nations
One Dag Hammarskj√∂ld Plaza
885 Second Avenue
New York, NY 10017",212-745-9200,,10/24/45,"Celebration of the Birthday of His Majesty the King, 21 June (2025)",1,,www.gov.uk/world/uk-mission-to-the-united-nations-new-york,,ukmissionny@gmail.com,English
United States of America,Western European and other States,59,50.00%,59,50.00%,118,5ed5136868235a1f35484ca6,UNITED STATES OF AMERICA,United States of America,United States of America,United States of America,"United States Mission to the United Nations
799 United Nations Plaza
New York, NY 10017",212-415-4000,,10/24/45,"Independence Day, 4 July",1,,usun.state.gov,,usun.newyork@state.gov,English
Greece,Western European and other States,15,48.39%,16,51.61%,31,5ed5136868235a1f35484c31,GREECE,Greece,Greece,Hellenic Republic,"Permanent Mission of Greece
to the United Nations
866 Second Avenue, 13th Floor
New York, NY 10017-2905","212-888-6900
212-479-1300",212-888-4440,10/25/45,"Independence Day, 25 March",1,,www.mfa.gr/un,,grdel.un@mfa.gr (for all subject matters except related to UN Security Council); grmission.unsc@mfa.gr (for UN Security Council matters only),English
India,Asia-Pacific States,7,30.43%,16,69.57%,23,5ed5136868235a1f35484c3b,INDIA,India,India,Republic of India,"Permanent Mission of India
to the United Nations
235 East 43rd Street
New York, NY 10017","212-490-9660
212-490-9661",212-490-9656,10/30/45,"Anniversary of the Proclamation of the Republic, 26 January",1,,,,india.newyorkpmi@mea.gov.in,English
Peru,Latin American and Caribbean States,2,16.67%,10,83.33%,12,5ed5136868235a1f35484c74,PERU,Peru,Peru,Republic of Peru,"Permanent Mission of Peru
to the United Nations
820 Second Avenue, Suite 1600
New York, NY 10017","212-687-3336
212-937-0567 (Press Matters)","212-972-6975
212-883-0591 (Permanent Representative's Office)",10/31/45,"Independence Day, 28 July",1,,www.un.int/peru,,onuper@unperu.org,Spanish
Australia,Western European and other States,15,60.00%,10,40.00%,25,5ed5136868235a1f35484bf6,AUSTRALIA,Australia,Australia,Commonwealth of Australia,"Permanent Mission of Australia
to the United Nations
150 East 42nd Street, 33rd Floor
New York, NY 10017",212-351-6600,212-351-6610,11/1/45,"Australia Day, 26 January",1,,,,australiaun@dfat.gov.au,English
Costa Rica,Latin American and Caribbean States,3,37.50%,5,62.50%,8,5ed5136868235a1f35484c15,COSTA RICA,Costa Rica,Costa Rica,Republic of Costa Rica,"Permanent Mission of Costa Rica
to the United Nations
211 East 43rd Street, Suite 1002
New York, NY 10017",212-986-6373,,11/2/45,"Independence Day, 15 September",1,,,,miscr-onu@rree.go.cr,Spanish
Liberia,African States,6,33.33%,12,66.67%,18,5ed5136868235a1f35484c4e,LIBERIA,Liberia,Liberia,Republic of Liberia,"Permanent Mission of the Republic
of Liberia to the United Nations
228 East 45th Street, 6th Floor, Suite 600-A
New York, NY 10017","917-261-6056
917-261-6072
917-261-6089",917- 261-6086,11/2/45,"Independence Day, 26 July",1,,www.pml.gov.lr,,liberiamission@pmun.org,English
Colombia,Latin American and Caribbean States,9,39.13%,14,60.87%,23,5ed5136868235a1f35484c12,COLOMBIA,Colombia,Colombia,Republic of Colombia,"Permanent Mission of Colombia
to the United Nations
801 Second Avenue, 12th Floor
New York, NY 10017",212-355-7776,212-371-2813,11/5/45,"Independence Day, 20 July",1,,www.colombiaun.org/,,"colombia@colombiaun.org;
donuny@cancilleria.gov.co",Spanish
Mexico,Latin American and Caribbean States,7,33.33%,14,66.67%,21,5ed5136868235a1f35484c5c,MEXICO,Mexico,Mexico,United Mexican States,"Permanent Mission of Mexico
to the United Nations
Two United Nations Plaza, 28th Floor
New York, NY 10017",212-752-0220,"212-688-8533
212-752-0634 ",11/7/45,"Independence Day, 16 September",1,,www.sre.gob.mx/onu,,onuusr1@sre.gob.mx,Spanish
South Africa,African States,10,45.45%,12,54.55%,22,5ed5136868235a1f35484c8e,SOUTH AFRICA,South Africa,South Africa,Republic of South Africa,"Permanent Mission of the Republic
of South Africa to the United Nations
845 Third Avenue, 9th Floor
New York, NY 10022",212-692-2421,,11/7/45,"Freedom Day, 27 April",1,,,,pmun.newyork@dirco.gov.za,English
Canada,Western European and other States,16,50.00%,16,50.00%,32,5ed5136868235a1f35484c0d,CANADA,Canada,Canada,Canada,"Permanent Mission of Canada
to the United Nations
466 Lexington Avenue, 20th Floor
New York, NY 10017",212-848-1100,212-848-1195,11/9/45,"Canada Day, 1 July",1,,www.un.int/canada,"Twitter: @CanadaUN (English)
Twitter: @CanadaONU (French)",PRMNYCanadaUN@international.gc.ca,English/French
Ethiopia,African States,5,26.32%,14,73.68%,19,5ed5136868235a1f35484c28,ETHIOPIA,Ethiopia,Ethiopia,Federal Democratic Republic of Ethiopia,"Permanent Mission of the Federal Democratic Republic
of Ethiopia to the United Nations
866 Second Avenue, Third Floor
New York, NY 10017

Extension office as of 1 June 2016

801 Second Avenue, 13th Floor
New York, NY 10017","212-421-1830
646-518-5900",646-756-4690,11/13/45,28-May,1,,,,ethiopia@un.int,English
Panama,Latin American and Caribbean States,11,45.83%,13,54.17%,24,5ed5136868235a1f35484c71,PANAMA,Panama,Panama,Republic of Panama,"Permanent Mission of Panama
to the United Nations
10 Grand Central
155 East 44th Street, 26th Floor
New York, NY 10017","212-421-5420
212-421-5421",,11/13/45,"Independence Day, 3 November",1,,www.panama-un.org,,emb@panama-un.org,Spanish
Bolivia (Plurinational State of),Latin American and Caribbean States,3,60.00%,2,40.00%,5,5ed5136868235a1f35484c02,BOLIVIA (PLURINATIONAL STATE OF),Bolivia (Plurinational State of),Bolivia (Plurinational State of),Plurinational State of Bolivia,"Permanent Mission of Bolivia
to the United Nations
801 Second Avenue, 4th Floor, Suite 402
New York, NY 10017","212-682-8132
",212-687-4642,11/14/45,"Independence Day, 6 August",1,,www.un.int/bolivia,Twitter: @BoliviaUNNY,"boliviaunmission@gmail.com 
",Spanish
Venezuela (Bolivarian Republic of),Latin American and Caribbean States,2,28.57%,5,71.43%,7,5ed5136868235a1f35484caa,VENEZUELA (BOLIVARIAN REPUBLIC OF),Venezuela (Bolivarian Republic of),Venezuela (Bolivarian Republic of),Bolivarian Republic of Venezuela,"Permanent Mission of the Bolivarian Republic
of Venezuela to the United Nations
335 East 46th Street
New York, NY 10017",646-559-4952,,11/15/45,"Independence Day, 5 July",1,,,@ONUVENuevaYork,misionvenezuelaonu@gmail.com,Spanish
Guatemala,Latin American and Caribbean States,7,53.85%,6,46.15%,13,5ed5136868235a1f35484c33,GUATEMALA,Guatemala,Guatemala,Republic of Guatemala,"Permanent Mission of Guatemala
to the United Nations
57 Park Avenue
New York, NY 10016",212-679-4760,,11/21/45,"Independence Day, 15 September",1,,www.guatemalaun.com,Twitter: @GuatemalaONU,onunewyork@minex.gob.gt,Spanish
Norway,Western European and other States,11,64.71%,6,35.29%,17,5ed5136868235a1f35484c6d,NORWAY,Norway,Norway,Norway,"Permanent Mission of Norway
to the United Nations
One Dag Hammarskj√∂ld Plaza
885 Second Avenue, 35th Floor
New York, NY 10017",646-430-7510,,11/27/45,"Constitution Day, 17 May",1,,,Twitter (X): @NorwayUN; Instagram: @norwayun,"delun@mfa.no

",English
Netherlands (Kingdom of the),Western European and other States,10,50.00%,10,50.00%,20,5ed5136868235a1f35484c67,NETHERLANDS (KINGDOM OF THE),Netherlands (Kingdom of the),Netherlands (Kingdom of the),Kingdom of the Netherlands,"Permanent Mission of the Kingdom
of the Netherlands to the United Nations
666 Third Avenue, 19th Floor
New York, NY 10017",212-519-9500,212-370-1954,12/10/45,"King's Day, 27 April",1,,www.netherlandsmission.org,,nyv@minbuza.nl,English
Honduras,Latin American and Caribbean States,2,40.00%,3,60.00%,5,5ed5136868235a1f35484c38,HONDURAS,Honduras,Honduras,The Republic of Honduras,"Permanent Mission of Honduras
to the United Nations
866 United Nations Plaza, Suite 417
New York, NY 10017
","212-752-3370
212-752-3371",212-223-0498,12/17/45,"Independence Day, 15 September",1,,www.un.int/honduras,,Ny.honduras@hnun.org,Spanish
Uruguay,Latin American and Caribbean States,6,75.00%,2,25.00%,8,5ed5136868235a1f35484ca7,URUGUAY,Uruguay,Uruguay,Oriental Republic of Uruguay,"Permanent Mission of Uruguay
to the United Nations
633 Third Avenue, Suite 13H
New York, NY 10017",212-752-8240,212-593-0935,12/18/45,"Independence Day, 25 August",1,,www.urudeleg.org,,urudeleg@mrree.gub.uy,Spanish
Ecuador,Latin American and Caribbean States,3,27.27%,8,72.73%,11,5ed5136868235a1f35484c21,ECUADOR,Ecuador,Ecuador,Republic of Ecuador,"Permanent Mission of Ecuador
to the United Nations
801 Second Avenue, 9th Floor
New York, NY 10017","212-935-1680
212-935-1681",212-935-1835,12/21/45,"Independence Day, 10 August",1,,,,onunewyork@cancilleria.gob.ec,Spanish
Iraq,Asia-Pacific States,4,19.05%,17,80.95%,21,5ed5136868235a1f35484c3e,IRAQ,Iraq,Iraq,Republic of Iraq,"Permanent Mission of the Republic
of Iraq to the United Nations
14 East 79th Street
New York, NY 10075",212-737-4433,,12/21/45,,1,,mofa.gov.iq/newyork,,Iraq.mission@iraqmission-un.com,English
Belgium,Western European and other States,4,28.57%,10,71.43%,14,5ed5136868235a1f35484bfe,BELGIUM,Belgium,Belgium,Kingdom of Belgium,"Permanent Mission of Belgium
to the United Nations
One Dag Hammarskj√∂ld Plaza
885 Second Avenue, 41st Floor
New York, NY 10017",212-378-6300,212-681-7618,12/27/45,"National Day, 21 July",1,,www.diplomatie.be/newyorkun,,newyorkun@diplobel.fed.be,French
Afghanistan,Asia-Pacific States,,,1,100.00%,1,5ed5136868235a1f35484bee,AFGHANISTAN,Afghanistan,Afghanistan,Islamic Republic of Afghanistan,"Permanent Mission of Afghanistan
to the United Nations
633 Third Avenue, 27th Floor
New York, NY 10017",212-972-1212,212-972-1216,11/19/46,"Independence Day, 19 August",1,,,,info@afghanistan-un.org,English
Iceland,Western European and other States,5,62.50%,3,37.50%,8,5ed5136868235a1f35484c3a,ICELAND,Iceland,Iceland,Iceland,"Permanent Mission of Iceland
to the United Nations
733 Third Avenue, 18th Floor
New York, NY 10017","212-593-2700
646-282-9370",None (email only),11/19/46,"Anniversary of the Establishment of the Republic, 17 June",1,,,,unmission@mfa.is,English
Sweden,Western European and other States,11,55.00%,9,45.00%,20,5ed5136868235a1f35484c94,SWEDEN,Sweden,Sweden,Kingdom of Sweden,"Permanent Mission of Sweden
to the United Nations
One Dag Hammarskj√∂ld Plaza
885 Second Avenue, 46th Floor
New York, NY 10017-2201",212-583-2500,,11/19/46,6-Jun,1,,www.swedenabroad.com/un,Twitter: @SwedenUN,representationen.new-york@gov.se,English
Thailand,Asia-Pacific States,8,53.33%,7,46.67%,15,5ed5136868235a1f35484c98,THAILAND,Thailand,Thailand,Kingdom of Thailand,"Permanent Mission of Thailand
to the United Nations
136 East 39th Street
New York, NY 10016",212-754-2230,917-261-4468,12/16/46,"National Day, 5 December",1,,,,ThaiMission.NYM@mfa.go.th,English
Pakistan,Asia-Pacific States,3,15.79%,16,84.21%,19,5ed5136868235a1f35484c6f,PAKISTAN,Pakistan,Pakistan,Islamic Republic of Pakistan,"Permanent Mission of Pakistan
to the United Nations
Pakistan House
8 East 65th Street
New York, NY 10065","212-879-8600
212-879-8603
212-879-8025
212-879-8028
212-879-8031
212-879-8033",212-744-7348,9/30/47,"Pakistan Day, 23 March",1,,www.pakun.org,,"pakistan@pakun.org
",English
Yemen,Asia-Pacific States,1,14.29%,6,85.71%,7,5ed5136868235a1f35484cac,YEMEN,Yemen,Yemen,Republic of Yemen,"Permanent Mission of the Republic
of Yemen to the United Nations
413 East 51st Street
New York, NY 10022","212-355-1730
212-355-1731",,9/30/47,22-May,1,,,,yemenmissionny@gmail.com,English
Myanmar,Asia-Pacific States,,,6,100.00%,6,5ed5136868235a1f35484c63,MYANMAR,Myanmar,Myanmar,Republic of the Union of Myanmar,"Permanent Mission of the Republic of the Union
of Myanmar to the United Nations
10 East 77th Street
New York, NY 10075","212-744-1271
212-744-1275
212-744-1279",212-744-1290,4/19/48,"Independence Day, 4 January",1,,https://www.myanmarmissionnewyork.org/,,"myanmarmission@verizon.net
",English
Israel,Western European and other States,7,18.92%,30,81.08%,37,5ed5136868235a1f35484c40,ISRAEL,Israel,Israel,State of Israel,"Permanent Mission of Israel
to the United Nations
800 Second Avenue
New York, NY 10017",212-499-5344,212-499-5515,5/11/49,"Independence Day, 1 May (2025)",1,,embassies.gov.il/un,,uninfo@newyork.mfa.gov.il,English
Indonesia,Asia-Pacific States,7,31.82%,15,68.18%,22,5ed5136868235a1f35484c3c,INDONESIA,Indonesia,Indonesia,Republic of Indonesia,"Permanent Mission of the Republic
of Indonesia to the United Nations
325 East 38th Street
New York, NY 10016",212-972-8333,212-972-9780,9/28/50,"Independence Day, 17 August",1,,www.indonesiaun.org,,ptri@indonesiaun.org,English
Albania,Eastern European States,1,20.00%,4,80.00%,5,5ed5136868235a1f35484bef,ALBANIA,Albania,Albania,Republic of Albania,"Permanent Mission of the Republic
of Albania to the United Nations
320 East 79th Street
New York, NY 10075","212-249-2059
212-249-5654",646-390-3337,12/14/55,"Independence Day, 28 November",1,,www.ambasadat.gov.al/united-nations,,"mission.newyork@mfa.gov.al; OfficeofthePR.Albania@mfa.gov.al
",English
Austria,Western European and other States,5,31.25%,11,68.75%,16,5ed5136868235a1f35484bf7,AUSTRIA,Austria,Austria,Republic of Austria,"Permanent Mission of Austria
to the United Nations
633 Third Avenue, 18th Floor
New York, NY 10017",917-542-8400,,12/14/55,26-Oct,1,,www.bmeia.gv.at/oev-new-york,,new-york-ov@bmeia.gv.at,English
Bulgaria,Eastern European States,5,71.43%,2,28.57%,7,5ed5136868235a1f35484c07,BULGARIA,Bulgaria,Bulgaria,Republic of Bulgaria,"Permanent Mission of the Republic
of Bulgaria to the United Nations
11 East 84th Street
New York, NY 10028","212-737-4790
212-737-4791",,12/14/55,"Liberation Day, 3 March",1,,www.mfa.bg/embassies/usapr,,mission.newyork@mfa.bg,English\French
Cambodia,Asia-Pacific States,1,8.33%,11,91.67%,12,5ed5136868235a1f35484c0b,CAMBODIA,Cambodia,Cambodia,Kingdom of Cambodia,"Permanent Mission of the Kingdom
of Cambodia to the United Nations
327 East 58th Street
New York, NY 10022",212-336-0777,212-759-7672,12/14/55,"Independence Day, 9 November",1,,,,cambodia@un.int,English
Finland,Western European and other States,12,75.00%,4,25.00%,16,5ed5136868235a1f35484c2a,FINLAND,Finland,Finland,Republic of Finland,"Permanent Mission of Finland
to the United Nations
605 Third Avenue, 35th Floor
New York, NY 10158",212-355-2100,212-759-6156,12/14/55,"Independence Day, 6 December",1,,www.finlandun.org,Twitter: @FinlandUN,sanomat.yke@gov.fi,English
Hungary,Eastern European States,6,50.00%,6,50.00%,12,5ed5136868235a1f35484c39,HUNGARY,Hungary,Hungary,Hungary,"Permanent Mission of Hungary
to the United Nations
227 East 52nd Street
New York, NY 10022-6301",212-752-0209,212-755-5395,12/14/55,23-Oct,1,,un-newyork.mfa.gov.hu,,hungaryun.ny@mfa.gov.hu,English
Ireland,Western European and other States,7,43.75%,9,56.25%,16,5ed5136868235a1f35484c3f,IRELAND,Ireland,Ireland,Ireland,"Permanent Mission of Ireland
to the United Nations
885 Second Avenue, 21st Floor
New York, NY 10017",212-421-6934,,12/14/55,"St. Patrick's Day, 17 March",1,,www.dfa.ie/pmun/newyork/,Twitter: @irishmissionun,newyorkpmun@dfa.ie,English
Italy,Western European and other States,13,39.39%,20,60.61%,33,5ed5136868235a1f35484c41,ITALY,Italy,Italy,Republic of Italy,"Permanent Mission of Italy
to the United Nations
One Dag Hammarskjold Plaza
885 Second Avenue, 49th Floor
New York, NY 10017","646-840-5300 
212-486-9191
",212-486-1036,12/14/55,"Anniversary of the Republic, 2 June",1,,https://italyun.esteri.it/en/,,info.italyun@esteri.it,English
Jordan,Asia-Pacific States,3,33.33%,6,66.67%,9,5ed5136868235a1f35484c44,JORDAN,Jordan,Jordan,Hashemite Kingdom of Jordan,"Permanent Mission of the Hashemite Kingdom of Jordan
to the United Nations
866 Second Avenue, 4th Floor
New York, NY 10017",212-832-9553,212-832-5346,12/14/55,"Independence Day, 25 May",1,,,,missionun@jordanmissionun.com,English
Lao People's Democratic Republic,Asia-Pacific States,3,23.08%,10,76.92%,13,5ed5136868235a1f35484c4a,LAO PEOPLE'S DEMOCRATIC REPUBLIC,Lao People's Democratic Republic,Lao People's Democratic Republic,Lao People's Democratic Republic,"Permanent Mission of the Lao People‚Äôs Democratic 
Republic to the United Nations
317 East 51st Street (between 1st & 2nd Avenue)
New York, NY 10022","212-832-2734
212-832-0095",212-750-0039,12/14/55,2-Dec,1,,www.un.int/lao,,lao.pr.ny@gmail.com,English/French
Libya,African States,2,11.76%,15,88.24%,17,5ed5136868235a1f35484c4f,LIBYA,Libya,Libya,State of Libya,"Permanent Mission of the State of Libya
to the United Nations
309-315 East 48th Street
New York, NY 10017",212-752-5775,212-593-4787,12/14/55,"Independence Day, 24 December",1,,,,"mission@libya-un.gov.ly;
Libya_mis_us@foreign.gov.ly",English
Nepal,Asia-Pacific States,2,16.67%,10,83.33%,12,5ed5136868235a1f35484c66,NEPAL,Nepal,Nepal,Nepal,"Permanent Mission of Nepal to the United Nations
820 Second Avenue, Suite 17B (17th Floor)
New York, NY 10017","212-370-3988
212-370-3989",212-953-2038,12/14/55,20-Sep,1,,,,nepalmissionusa@gmail.com,English
Portugal,Western European and other States,4,28.57%,10,71.43%,14,5ed5136868235a1f35484c77,PORTUGAL,Portugal,Portugal,Portuguese Republic,"Permanent Mission of Portugal
to the United Nations
866 Second Avenue, 9th Floor
New York, NY 10017",212-759-9444,,12/14/55,"Day of Portugal, Cam√µes, and the Portuguese Communities, 10 June",1,,www.onu.missaoportugal.mne.pt,,portugal.nu@mne.pt,English
Romania,Eastern European States,4,33.33%,8,66.67%,12,5ed5136868235a1f35484c7b,ROMANIA,Romania,Romania,Romania,"Permanent Mission of Romania
to the United Nations
573-577 Third Avenue
New York, NY 10016","212-682-3273
212-682-3274 (Ambassador's Office)",212-682-9746,12/14/55,1-Dec,1,,www.mpnewyork.mae.ro,,newyork-onu@mae.ro,English/French
Spain,Western European and other States,9,39.13%,14,60.87%,23,5ed5136868235a1f35484c90,SPAIN,Spain,Spain,Kingdom of Spain,"Permanent Mission of Spain
to the United Nations
One Dag Hammarskj√∂ld Plaza
245 East 47th Street, 36th Floor
New York, NY 10017",212-661-1050,212-557-7025,12/14/55,12-Oct,1,,www.spainun.org,,Rep.nuevayorkonu@maec.es,Spanish
Sri Lanka,Asia-Pacific States,1,25.00%,3,75.00%,4,5ed5136868235a1f35484c91,SRI LANKA,Sri Lanka,Sri Lanka,Democratic Socialist Republic of Sri Lanka,"Permanent Mission of the Democratic Socialist Republic
of Sri Lanka to the United Nations
820 Second Avenue, 2nd Floor
New York, NY 10017",212-986-7040,212-986-1838,12/14/55,"Independence Day, 4 February",1,,www.un.int/srilanka,Facebook: SriLankaUNNewYork Twitter: SLUNNEWYORK,prun.newyork@mfa.gov.lk; mail@slmission.com,English
Morocco,African States,8,33.33%,16,66.67%,24,5ed5136868235a1f35484c61,MOROCCO,Morocco,Morocco,Kingdom of Morocco,"Permanent Mission of the Kingdom
of Morocco to the United Nations
866 Second Avenue, 6th and 7th Floors
New York, NY 10017",212-421-1580,"212-980-1512
212-421-7826",11/12/56,"National Day, 30 July",1,,,,morocco.un@maec.gov.ma,French
Sudan,African States,3,23.08%,10,76.92%,13,5ed5136868235a1f35484c92,SUDAN,Sudan,Sudan,Republic of the Sudan,"Permanent Mission of the Republic
of the Sudan to the United Nations
305 East 47th Street
3 Dag Hammarskj√∂ld Plaza, 4th Floor
New York, NY 10017",212-573-6033,212-573-6160,11/12/56,"Independence Day, 1 January",1,,,,sudan@sudanmission.org,English
Tunisia,African States,2,20.00%,8,80.00%,10,5ed5136868235a1f35484c9d,TUNISIA,Tunisia,Tunisia,Republic of Tunisia,"Permanent Mission of Tunisia
to the United Nations
31 Beekman Place
New York, NY 10022","212-751-7503
212-751-7534
212-751-5069","212-986-1620
212-986-1650 (Ambassador's Office)",11/12/56,"Independence Day, 20 March",1,,,,tunisia@un.int; tunisiamission@usa.com,French
Japan,Asia-Pacific States,18,32.14%,38,67.86%,56,5ed5136868235a1f35484c43,JAPAN,Japan,Japan,Japan,"Permanent Mission of Japan
to the United Nations
605 Third Avenue, 28th Floor
New York, NY 10158",212-223-4300,"212-751-1966
212-308-1580 (Protocol Section)
212-521-0671 (General Section)
212-308-1451 (Political Section)
212-308-1468 (Economic Section)
212-521-0672 (Social Section) 212-521-0675 (Admin & Budgetary Section)",12/18/56,"Birthday of the Emperor, 23 February",1,,,,p-m-j@dn.mofa.go.jp,English
Ghana,African States,13,43.33%,17,56.67%,30,5ed5136868235a1f35484c30,GHANA,Ghana,Ghana,Republic of Ghana,"Permanent Mission of Ghana
to the United Nations
19 East 47th Street
New York, NY 10017",212-832-1302,212-751-6743,3/8/57,"Independence Day, 6 March",1,,,,ghanaperm.newyork@mfa.gov.gh,English
Malaysia,Asia-Pacific States,3,27.27%,8,72.73%,11,5ed5136868235a1f35484c55,MALAYSIA,Malaysia,Malaysia,Malaysia,"Permanent Mission of Malaysia
to the United Nations
313 East 43rd Street
New York, NY 10017",212-986-6310,212-490-8576,9/17/57,31-Aug,1,,"www.un.int/malaysia
https://www.kln.gov.my/web/usa_un-new-york",,mwnewyorkun@kln.gov.my,English
Guinea,African States,3,37.50%,5,62.50%,8,5ed5136868235a1f35484c34,GUINEA,Guinea,Guinea,Republic of Guinea,"Permanent Mission of the Republic
of Guinea to the United Nations
140 East 39th Street
New York, NY 10016",212-687-8115,212-687-8248,12/12/58,"Independence Day, 2 October",1,,,,missionofguinea.un@gmail.com,French
Benin,African States,,,3,100.00%,3,5ed5136868235a1f35484c00,BENIN,Benin,Benin,Republic of Benin,"Permanent Mission of the Republic
of Benin to the United Nations
355 Lexington Avenue, Unit 14B
New York, NY 10017",212-684-1339,646-790-3556,9/20/60,1-Aug,1,,,,onu.newyork@gouv.bj; beninewyork@gmail.com,French
Burkina Faso,African States,3,27.27%,8,72.73%,11,5ed5136868235a1f35484c08,BURKINA FASO,Burkina Faso,Burkina Faso,Burkina Faso,"Permanent Mission of Burkina Faso
to the United Nations
633 Third Avenue, Suite 31A, 31st Floor
between 40th & 41st Streets
New York, NY 10017","212-308-4720
212-308-4721",212-308-4690,9/20/60,11-Dec,1,,,,miperfaso.ny@burkina-onu.org,French
Cameroon,African States,2,13.33%,13,86.67%,15,5ed5136868235a1f35484c0c,CAMEROON,Cameroon,Cameroon,Republic of Cameroon,"Permanent Mission of the Republic
of Cameroon to the United Nations
22 East 73rd Street
New York, NY 10021","646-850-1824 Ext. 102 (Main line)
646-850-1827 Ext. 103 (Assistant to the Permanent Representative)",646-850-1820,9/20/60,20-May,1,,,,cameroon.mission@yahoo.com,French/English
Central African Republic,African States,1,12.50%,7,87.50%,8,5ed5136868235a1f35484c0e,CENTRAL AFRICAN REPUBLIC,Central African Republic,Central African Republic,Central African Republic,"Permanent Mission of the Central African Republic
to the United Nations
369 Lexington Avenue, Suite 7A, 7th Floor
New York, NY 10017","646-998-3018 (Secretariat), 646-370-6521 (Office of the Ambassador/Permanent Representative)
",,9/20/60,1-Dec,1,,,,"repercaf.ny@gmail.com
",French
Chad,African States,1,11.11%,8,88.89%,9,5ed5136868235a1f35484c0f,CHAD,Chad,Chad,Republic of Chad,"Permanent Mission of the Republic
of Chad to the United Nations
129 East 36th Street
New York, NY 10016","212-986-0980
212-986-0262",212-986-0152,9/20/60,11-Aug,1,,,,chadmission.un@gmail.com,French
Congo,African States,2,16.67%,10,83.33%,12,5ed5136868235a1f35484c14,CONGO,Congo,Congo,Republic of the Congo,"Permanent Mission of the Republic
of the Congo to the United Nations
600 Third Avenue, 2nd Floor
New York, NY 10016","212-744-7840,
646-571-2337",,9/20/60,"National Day, 15 August",1,,,,cgbrazzadel60@gmail.com,French
Cyprus,Asia-Pacific States,5,71.43%,2,28.57%,7,5ed5136868235a1f35484c19,CYPRUS,Cyprus,Cyprus,Republic of Cyprus,"Permanent Mission of the Republic
of Cyprus to the United Nations
15 West 38th Street, 11th Floor
New York, NY 10018","212-481-6023
212-482-6025",,9/20/60,"Independence Day, 1 October",1,,www.cyprusun.org,,unmission@mfa.gov.cy,English
Democratic Republic of the Congo,African States,4,33.33%,8,66.67%,12,5ed5136868235a1f35484c1c,DEMOCRATIC REPUBLIC OF THE CONGO,Democratic Republic of the Congo,Democratic Republic of the Congo,Democratic Republic of the Congo,"Permanent Mission of the Democratic Republic
of the Congo to the United Nations
866 United Nations Plaza, Suite 511
New York, NY 10017",212-319-8061,212-319-8232,9/20/60,"Independence Day, 30 June",1,,https://pmundrc-ny.org/,,missiondrc@gmail.com,French
Gabon,African States,5,50.00%,5,50.00%,10,5ed5136868235a1f35484c2c,GABON,Gabon,Gabon,Gabonese Republic,"Permanent Mission of the Gabonese
Republic to the United Nations
244 East 58th Street
New York, NY 10022",212-686-9720,917-675-7485,9/20/60,17-Aug,1,,,,info@gabonunmission.com,French
Madagascar,African States,,,3,100.00%,3,5ed5136868235a1f35484c53,MADAGASCAR,Madagascar,Madagascar,Republic of Madagascar,"Permanent Mission of the Republic
of Madagascar to the United Nations
820 Second Avenue, Suite 800
New York, NY 10017",646-933-1028,,9/20/60,"Independence Day, 26 June",1,,,,"repermad.ny@gmail.com
",French
Niger,African States,2,25.00%,6,75.00%,8,5ed5136868235a1f35484c6a,NIGER,Niger,Niger,Republic of the Niger,"Permanent Mission of the Niger
to the United Nations
417 East 50th Street
New York, NY 10022","212-421-3260
212-421-3261
212-421-3286",212-753-6931,9/20/60,"Independence Day, 3 August",1,,,,nigermission@ymail.com,French
Somalia,African States,2,22.22%,7,77.78%,9,5ed5136868235a1f35484c8d,SOMALIA,Somalia,Somalia,Federal Republic of Somalia,"Permanent Mission of the Federal Republic
of Somalia to the United Nations
369 Lexington Avenue, Suite 14B
New York, NY 10017","212-659-5014
212-659-5015",212-659-5016,9/20/60,1-Jul,1,,,,somalia@unmission.gov.so,English
Togo,African States,3,30.00%,7,70.00%,10,5ed5136868235a1f35484c9a,TOGO,Togo,Togo,Republic of Togo,"Permanent Mission of Togo
to the United Nations
600 Third Avenue, 2nd Floor
New York, NY 10016","212-490-3455
212-490-3456",212-983-6684,9/20/60,"National Day, 27 April",1,,www.missiontogo-onu-newyork.com,,togo.mission@togounmission.org,French
Mali,African States,2,22.22%,7,77.78%,9,5ed5136868235a1f35484c57,MALI,Mali,Mali,Republic of Mali,"Permanent Mission of the Republic
of Mali to the United Nations
111 East 69th Street
New York, NY 10021","212-737-4150
212-794-1311",212-472-3778,9/28/60,"Independence Day,  22 September",1,,www.un.int/mali,,miperma@malionu.com,French
Senegal,African States,4,16.00%,21,84.00%,25,5ed5136868235a1f35484c85,SENEGAL,Senegal,Senegal,Republic of Senegal,"Permanent Mission of the Republic
of Senegal to the United Nations
229 East 44th Street
New York, NY 10017","212-517-9030
212-517-9031
212-517-9032",212-517-3032,9/28/60,"Independence Day, 4 April",1,,,,senegal.mission@yahoo.fr,French
Nigeria,African States,7,20.59%,27,79.41%,34,5ed5136868235a1f35484c6b,NIGERIA,Nigeria,Nigeria,Federal Republic of Nigeria,"Permanent Mission of Nigeria
to the United Nations
828 Second Avenue
New York, NY 10017",212-953-9130,"212-697-1970
212-697-0647",10/7/60,"Independence Day, 1 October",1,,http://nigeriaunmission.org/,,permny@nigeriaunmission.org,English
Sierra Leone,African States,12,35.29%,22,64.71%,34,5ed5136868235a1f35484c88,SIERRA LEONE,Sierra Leone,Sierra Leone,Republic of Sierra Leone,"Permanent Mission of the Republic
of Sierra Leone to the United Nations
228 East 45th Street, 7th Floor
New York, NY 10017",347-760-6058,212-688-4924,9/27/61,"Independence Day, 27 April",1,,,,sierraleone@pmun.net,English
Mauritania,African States,2,14.29%,12,85.71%,14,5ed5136868235a1f35484c5a,MAURITANIA,Mauritania,Mauritania,Islamic Republic of Mauritania,"Permanent Mission of the Islamic Republic
of Mauritania to the United Nations
820 Second Avenue, Suite 17A
New York, NY 10017","646-590-2756
",646-590-2757,10/27/61,"Independence Day, 28 November",1,,,,ambarimnewyork@diplomatie.gov.mr,French
Mongolia,Asia-Pacific States,5,50.00%,5,50.00%,10,5ed5136868235a1f35484c5f,MONGOLIA,Mongolia,Mongolia,Mongolia,"Permanent Mission of Mongolia
to the United Nations
6 East 77th Street
New York, NY 10075","212-861-9460
212-737-3874",212-861-9464,10/27/61,11-Jul,1,,www.un.int/mongolia,,mongolianmission@twcmetrobiz.com,English
United Republic of Tanzania,African States,2,22.22%,7,77.78%,9,5ed5136868235a1f35484ca5,UNITED REPUBLIC OF TANZANIA,United Republic of Tanzania,United Republic of Tanzania,United Republic of Tanzania,"Permanent Mission of the United Republic
of Tanzania to the United Nations
307 East 53rd Street, 5th Floor 
New York, NY 10022",212-697-3612,212-697-3618,12/14/61,"Union Day, 26 April",1,,www.un.int/tanzania,,tanzania.un@nje.go.tz,English
Burundi,African States,1,25.00%,3,75.00%,4,5ed5136868235a1f35484c09,BURUNDI,Burundi,Burundi,Republic of Burundi,"Permanent Mission of the Republic
of Burundi to the United Nations
336 East 45th Street, 12th Floor
New York, NY 10017","212-499-0001
212-499-0002",212-499-0006,9/18/62,"Independence Day, 1 July",1,,www.burundimission.org,,ambabunewyork@yahoo.fr,French
Jamaica,Latin American and Caribbean States,8,88.89%,1,11.11%,9,5ed5136868235a1f35484c42,JAMAICA,Jamaica,Jamaica,Jamaica,"Permanent Mission of Jamaica
to the United Nations
300 East 42nd Street, Third Floor
New York, NY 10017",212-935-7509,347-706-4985,9/18/62,"Independence Day, 6 August",1,,www.un.int/jamaica,,info.unmissionny@mfaft.gov.jm,English
Rwanda,African States,1,20.00%,4,80.00%,5,5ed5136868235a1f35484c7d,RWANDA,Rwanda,Rwanda,Republic of Rwanda,"Permanent Mission of the Republic
of Rwanda to the United Nations
124 East 39th Street
New York, NY 10016",212-679-9010,917-591-9279,9/18/62,"Independence Day, 1 July",1,,,,ambanewyork@minaffet.gov.rw,English
Trinidad and Tobago,Latin American and Caribbean States,5,83.33%,1,16.67%,6,5ed5136868235a1f35484c9c,TRINIDAD AND TOBAGO,Trinidad and Tobago,Trinidad and Tobago,Republic of Trinidad and Tobago,"Permanent Mission of the Republic
of Trinidad and Tobago to the United Nations
633 Third Avenue, 12th Floor
New York, NY 10017",212-697-7620,212-682-3580,9/18/62,31-Aug,1,,,,pmun-ny@trinbago.org,English
Algeria,African States,12,40.00%,18,60.00%,30,5ed5136868235a1f35484bf0,ALGERIA,Algeria,Algeria,People's Democratic Republic of Algeria,"Permanent Mission of Algeria
to the United Nations
326 East 48th Street
New York, NY 10017","212-750-1960
212-750-1962
212-750-1965
212-750-1966","212-759-9538
212-759-5274",10/8/62,1-Nov,1,,www.un.int/algeria,,algeriamission.ny@gmail.com,English
Uganda,African States,4,28.57%,10,71.43%,14,5ed5136868235a1f35484ca1,UGANDA,Uganda,Uganda,Republic of Uganda,"Permanent Mission of the Republic
of Uganda to the United Nations
336 East 45th Street
New York, NY 10017","212-949-0110
212-949-0111
212-949-0112
212-949-0113",212-687-4517,10/25/62,"Independence Day, 9 October",1,,ugandamissionunny.net,,admin@ugandaunny.com,English
Kuwait,Asia-Pacific States,1,9.09%,10,90.91%,11,5ed5136868235a1f35484c48,KUWAIT,Kuwait,Kuwait,State of Kuwait,"Permanent Mission of the State
of Kuwait to the United Nations
321 East 44th Street
New York, NY 10017",212-973-4300,212-370-1733,5/14/63,25-Feb,1,,www.kuwaitmissionun.org,,kuwait@kuwaitmissionun.org,English
Kenya,African States,8,50.00%,8,50.00%,16,5ed5136868235a1f35484c46,KENYA,Kenya,Kenya,Republic of Kenya,"Permanent Mission of the Republic
of Kenya to the United Nations
866 United Nations Plaza, Suite 304
New York, NY 10017",212-363-0489,,12/16/63,"Independence Day, 12 December",1,,www.un.int/kenya,,info@kenyaun.org,English
Malawi,African States,6,50.00%,6,50.00%,12,5ed5136868235a1f35484c54,MALAWI,Malawi,Malawi,Republic of Malawi,"Permanent Mission of the Republic
of Malawi to the United Nations
866 United Nations Plaza, Suite 486
New York, NY 10017","212-317-8738
212-317-8718",212-317-8729,12/1/64,"Republic Day, 6 July",1,,,,MalawiNewyork@aol.com; MalawiU@aol.com,English
Malta,Western European and other States,3,60.00%,2,40.00%,5,5ed5136868235a1f35484c58,MALTA,Malta,Malta,Republic of Malta,"Permanent Mission of the Republic
of Malta to the United Nations
244 East 48th Street
New York, NY 10017",212-725-2345,212-779-7097,12/1/64,"Independence Day, 21 September",1,,"https
//foreignaffairs.gov.mt/en/Embassies/Pr_New_York/Pages/Pr_New_York.aspx",,malta-un.newyork@gov.mt,English
Zambia,African States,6,60.00%,4,40.00%,10,5ed5136868235a1f35484cad,ZAMBIA,Zambia,Zambia,Republic of Zambia,"Permanent Mission of the Republic
of Zambia to the United Nations
237 East 52nd Street
New York, NY 10022",212-888-5770,212-888-5213,12/1/64,24-Oct,1,,,,un@grz.gov.zm,English
Gambia,African States,2,33.33%,4,66.67%,6,5ed5136868235a1f35484c2d,GAMBIA,Gambia,Gambia,Republic of The Gambia,"Permanent Mission of The Gambia
to the United Nations
336 East 45th Street, 7th Floor
New York, NY 10017",212-949-6640,212-856-9820,9/21/65,18-Feb,1,,,,gambia_un@hotmail.com,English
Maldives,Asia-Pacific States,3,33.33%,6,66.67%,9,5ed5136868235a1f35484c56,MALDIVES,Maldives,Maldives,Republic of Maldives,"Permanent Mission of the Republic
of Maldives to the United Nations
801 Second Avenue, Suite 202
New York, NY 10017","212-599-6194
212-599-6195",212-661-6405,9/21/65,"Independence Day, 26 July",1,,www.MaldivesMission.com,,info@maldivesmission.com,English
Singapore,Asia-Pacific States,7,43.75%,9,56.25%,16,5ed5136868235a1f35484c89,SINGAPORE,Singapore,Singapore,Republic of Singapore,"Permanent Mission of the Republic
of Singapore to the United Nations
318 East 48th Street
New York, NY 10017",212-826-0840,212-826-2964,9/21/65,"National Day, 9 August",1,,http://www.mfa.gov.sg/newyork,,singaporeun@outlook.com,English
Guyana,Latin American and Caribbean States,10,83.33%,2,16.67%,12,5ed5136868235a1f35484c36,GUYANA,Guyana,Guyana,Co-operative Republic of Guyana,"Permanent Mission of the 
Co-operative Republic
of Guyana to the United Nations
801 Second Avenue, 5th Floor
New York, NY 10017","212-573-5828
212-573-5829",212-573-6225,9/20/66,23-Feb,1,,www.un.int/guyana,,pmny@mission.gov.gy,English
Botswana,African States,4,57.14%,3,42.86%,7,5ed5136868235a1f35484c04,BOTSWANA,Botswana,Botswana,Republic of Botswana,"Permanent Mission of Botswana
to the United Nations
154 East 46th Street
New York, NY 10017","212-889-2277
212-889-2331
212-889- 2491
212-889-2772",212-725-5061,10/17/66,30-Sep,1,,,,botswana@un.int,English
Lesotho,African States,5,62.50%,3,37.50%,8,5ed5136868235a1f35484c4d,LESOTHO,Lesotho,Lesotho,Kingdom of Lesotho,"Permanent Mission of the Kingdom
of Lesotho the United Nations
210 East 39th Street
New York, NY 10016",332-262-3300,212-682-4388,10/17/66,4-Oct,1,,,,lesothonewyork@gmail.com,English
Barbados,Latin American and Caribbean States,3,60.00%,2,40.00%,5,5ed5136868235a1f35484bfc,BARBADOS,Barbados,Barbados,Barbados,"Permanent Mission of Barbados
to the United Nations
820 Second Avenue, 9th Floor
New York, NY 10017",212-551-4300,646-329-6824,12/9/66,30-Nov,1,,,,prun@foreign.gov.bb; barbados@un.int,English
Mauritius,African States,4,80.00%,1,20.00%,5,5ed5136868235a1f35484c5b,MAURITIUS,Mauritius,Mauritius,Republic of Mauritius,"Permanent Mission of the Republic
of Mauritius to the United Nations
211 East 43rd Street, 22nd Floor
New York, NY 10017","212-949-0190
212-949-0191",212-697-3829,4/24/68,"National Day, 12 March",1,,,,mauritiusmissionnyc@gmail.com,English
Eswatini,African States,2,33.33%,4,66.67%,6,5ed5136868235a1f35484c27,ESWATINI,Eswatini,Eswatini,Kingdom of Eswatini,"Permanent Mission of the Kingdom
of Eswatini to the United Nations
408 East 50th Street
New York, NY 10022","212-371-8910
212-371-8911
212-371-8775
917-517-0589 (mobile) ",212-754-2755,9/24/68,"Independence Day, 6 September",1,,,,eswatini@un.int; eswatinimissionunny@yahoo.com,English
Equatorial Guinea,African States,5,45.45%,6,54.55%,11,5ed5136868235a1f35484c24,EQUATORIAL GUINEA,Equatorial Guinea,Equatorial Guinea,Republic of Equatorial Guinea,"Permanent Mission of Equatorial Guinea
to the United Nations
800 Second Avenue, Suite 305
New York, NY 10017",212-223-2324,212-223-2366,11/12/68,"Independence Day, 12 October",1,,http://equatorialguineaun.org,,info@equatorialguineaun.org,Spanish
Fiji,Asia-Pacific States,2,50.00%,2,50.00%,4,5ed5136868235a1f35484c29,FIJI,Fiji,Fiji,Republic of Fiji,"Permanent Mission of the Republic
of Fiji to the United Nations
801 Second Avenue, 20th Floor
New York, NY 10017",212-687-4130,212-687-3963,10/13/70,10-Oct,1,,,,mission@fijiprun.org,English
Bahrain,Asia-Pacific States,2,40.00%,3,60.00%,5,5ed5136868235a1f35484bfa,BAHRAIN,Bahrain,Bahrain,Kingdom of Bahrain,"Permanent Mission of the Kingdom
of Bahrain to the United Nations
866 Second Avenue, 14th and 15th Floors
New York, NY 10017",212-223-6200,"212-319-0687
212-223-6206",9/21/71,16-Dec,1,,,,newyork.mission@mofa.gov.bh,English
Bhutan,Asia-Pacific States,,,6,100.00%,6,5ed5136868235a1f35484c01,BHUTAN,Bhutan,Bhutan,Kingdom of Bhutan,"Permanent Mission of the Kingdom
of Bhutan to the United Nations
343 East 43rd Street
New York, NY 10017","212-682-2268
212-682-2312
212-682-2371
212-682-2752",212-661-0551,9/21/71,"National Day, 17 December",1,,,,bhutanmission@pmbny.bt,English
Qatar,Asia-Pacific States,3,27.27%,8,72.73%,11,5ed5136868235a1f35484c78,QATAR,Qatar,Qatar,State of Qatar,"Permanent Mission of the State
of Qatar to the United Nations
809 United Nations Plaza, 4th Floor
New York, NY 10017","212-486-9335
",212-758-4952,9/21/71,"National Day, 18 December",1,,,,pmun@mofa.gov.qa,English
Oman,Asia-Pacific States,4,40.00%,6,60.00%,10,5ed5136868235a1f35484c6e,OMAN,Oman,Oman,Sultanate of Oman,"Permanent Mission of the Sultanate
of Oman to the United Nations
3 Dag Hammarskj√∂ld Plaza
305 East 47th Street, 12th Floor
New York, NY 10017",212-355-3505,212-644-0070,10/7/71,18-Nov,1,,,,oman@un.int,English
United Arab Emirates,Asia-Pacific States,6,50.00%,6,50.00%,12,5ed5136868235a1f35484ca3,UNITED ARAB EMIRATES,United Arab Emirates,United Arab Emirates,United Arab Emirates,"Permanent Mission of the United Arab Emirates
to the United Nations
315 East 46th Street
New York, NY 10017
",212-371-0480,212-371-4923,12/9/71,2-Dec,1,,,,"nyunprm@mofaic.gov.ae;  
 NYUNPRM@UAEUN.ORG",English
Bahamas,Latin American and Caribbean States,4,44.44%,5,55.56%,9,5ed5136868235a1f35484bf9,BAHAMAS,Bahamas,Bahamas,Commonwealth of The Bahamas,"Permanent Mission of the Commonwealth
of The Bahamas to the United Nations
231 East 46th Street
New York, NY 10017","212-421-6925
212-421-6926
212-421-6929",212-759-2135,9/18/73,"Independence Day, 10 July",1,,,,mission@bahamasny.com,English
Germany,Western European and other States,35,36.46%,61,63.54%,96,5ed5136868235a1f35484c2f,GERMANY,Germany,Germany,Federal Republic of Germany,"Permanent Mission of Germany
to the United Nations
871 United Nations Plaza
New York, NY 10017",212-940-0400,"212-940-0402 (General)
212-040-0403 (Political Section)
212-940-0404 (Economic Section)
212-610-9709 (Administrative)",9/18/73,3-Oct,1,,,,info@new-york-un.diplo.de,English
Bangladesh,Asia-Pacific States,2,28.57%,5,71.43%,7,5ed5136868235a1f35484bfb,BANGLADESH,Bangladesh,Bangladesh,People's Republic of Bangladesh,"Permanent Mission of the People‚Äôs Republic
of Bangladesh to the United Nations
820 Second Avenue, 4th Floor
New York, NY 10017","212-867-3434
212-867-3437",212-972-4038,9/17/74,"Independence Day, 26 March",1,,"https
//nypm.mofa.gov.bd",,bangladeshatun@gmail.com; bdpmny@gmail.com,English
Grenada,Latin American and Caribbean States,1,50.00%,1,50.00%,2,5ed5136868235a1f35484c32,GRENADA,Grenada,Grenada,Grenada,"Permanent Mission of Grenada
to the United Nations
685 Third Avenue, Suite 1101
New York, NY 10017",212-599-0301 Ext. 254,212-599-1540,9/17/74,"Independence Day, 7 February",1,,www.grenadamissiontotheun.org,,gmun@mofa.gov.gd,English
Guinea-Bissau,African States,2,40.00%,3,60.00%,5,5ed5136868235a1f35484c35,GUINEA-BISSAU,Guinea-Bissau,Guinea-Bissau,Republic of Guinea-Bissau,"Permanent Mission of the Republic
of Guinea-Bissau to the United Nations
336 East 45th Street, 13th Floor
New York, NY 10017",646-590-3474; 646-678-4034,212-896-8313,9/17/74,24-Sep,1,,,,guinebissauonu@gmail.com,French
Cabo Verde,African States,3,75.00%,1,25.00%,4,5ed5136868235a1f35484c0a,CABO VERDE,Cabo Verde,Cabo Verde,Republic of Cabo Verde,"Permanent Mission of the Republic
of Cabo Verde to the United Nations
27 East 69th Street
New York, NY 10021","212-472-0333
212-472-0334",,9/16/75,5-Jul,1,,,,cvpm.unny@mnec.gov.cv,French
Mozambique,African States,2,22.22%,7,77.78%,9,5ed5136868235a1f35484c62,MOZAMBIQUE,Mozambique,Mozambique,Republic of Mozambique,"Permanent Mission of the Republic
of Mozambique to the United Nations
420 East 50th Street
New York, NY 10022","212-644-6800
212-644-5965","212-644-5972
212-644-0528",9/16/75,"Independence Day, 25 June",1,,,,mozambique.unmission@gmail.com,English
Sao Tome and Principe,African States,,,1,100.00%,1,5ed5136868235a1f35484c83,SAO TOME AND PRINCIPE,Sao Tome and Principe,Sao Tome and Principe,Democratic Republic of Sao Tome and Principe,"Permanent Mission of Sao Tome
and Principe to the United Nations
866 Second Avenue, 9th Floor, Suite A
New York, NY 10017",929-733-5940,,9/16/75,"Independence Day, 12 July",1,,,,missaony.onu@mne.gov.st ; djazalde.aguiar@mne.gov.st,French
Papua New Guinea,Asia-Pacific States,1,33.33%,2,66.67%,3,5ed5136868235a1f35484c72,PAPUA NEW GUINEA,Papua New Guinea,Papua New Guinea,Independent State of Papua New Guinea,"Permanent Mission of the Independent State
of Papua New Guinea to the United Nations
201 East 42nd Street, Suite 2411
New York, NY 10017",212-557-5001,212-557-5009,10/10/75,"Independence Day, 16 September",1,,,,pngun@pngmission.org,English
Comoros,African States,,,3,100.00%,3,5ed5136868235a1f35484c13,COMOROS,Comoros,Comoros,Union of the Comoros,"Permanent Mission of the Union
of the Comoros to the United Nations
866 United Nations Plaza, Suite 495
New York, NY 10017",212-750-1637,,11/12/75,"Independence Day, 6 July",1,,www.un.int/comoros,,comores.nu@gmail.com,French
Suriname,Latin American and Caribbean States,3,75.00%,1,25.00%,4,5ed5136868235a1f35484c93,SURINAME,Suriname,Suriname,Republic of Suriname,"Permanent Mission of the Republic
of Suriname to the United Nations
633 Third Avenue, 17th Floor
New York, NY 10017","212-826-0660
212-826-0661
212-826-0662
212-826-0663",,12/4/75,"Independence Day, 25 November",1,,,,suriname_un@proton.me,English
Seychelles,African States,1,33.33%,2,66.67%,3,5ed5136868235a1f35484c87,SEYCHELLES,Seychelles,Seychelles,Republic of Seychelles,"Permanent Mission of the Republic
of Seychelles to the United Nations
685 Third Avenue, Suite 1107, 11th Floor
New York, NY 10017",212-972-1785,212-972-1786,9/21/76,"Independence Day, 29 June",1,,,,seychellesmissionun@gmail.com; seychellesmission@sycun.org,English
Angola,African States,5,29.41%,12,70.59%,17,5ed5136868235a1f35484bf2,ANGOLA,Angola,Angola,Republic of Angola,"Permanent Mission of the Republic
of Angola to the United Nations
820 Second Avenue, 12th Floor
New York, NY 10017","212-861-5656
",212-861-9295,12/1/76,"Independence Day, 11 November",1,,,,AMission@angolaun.org,English
Samoa,Asia-Pacific States,1,25.00%,3,75.00%,4,5ed5136868235a1f35484c81,SAMOA,Samoa,Samoa,Independent State of Samoa,"Permanent Mission of the Independent State
of Samoa to the United Nations
685 Third Avenue, 11th Floor
Suite 1102
New York, NY 10017","212-599-6196
212-599-6197",212-599-0797,12/15/76,"Independence Celebration Day, 1 June",1,,www.un.int/samoa/,,samoa@samoanymission.ws,English
Djibouti,African States,2,33.33%,4,66.67%,6,5ed5136868235a1f35484c1e,DJIBOUTI,Djibouti,Djibouti,Republic of Djibouti,"Permanent Mission of the Republic
of Djibouti to the United Nations
866 United Nations Plaza, Suite 4011
New York, NY 10017",212-753-3163,"212-223-1276
212-758-1056",9/20/77,27-Jun,1,,www.un.int/djibouti,,djibouti@nyct.net,French
Viet Nam,Asia-Pacific States,5,26.32%,14,73.68%,19,5ed5136868235a1f35484cab,VIET NAM,Viet Nam,Viet Nam,Socialist Republic of Viet Nam,"Permanent Mission of the Socialist Republic
of Viet Nam to the United Nations
866 United Nations Plaza, 4th Floor, Suite 428
New York, NY 10017","212-644-0594
212-644-0831
212-644-1564",212-644-5732,9/20/77,"Independence Day, 2 September",1,,www.vietnam-un.org,,info@vietnam-un.org,English
Solomon Islands,Asia-Pacific States,2,66.67%,1,33.33%,3,5ed5136868235a1f35484c8c,SOLOMON ISLANDS,Solomon Islands,Solomon Islands,Solomon Islands,"Permanent Mission of Solomon Islands
to the United Nations
685 Third Avenue, Suite 1105
New York, NY 10017
","212-599-6192
212-599-6193",212-661-8925,9/19/78,7-Jul,1,,,,simun@solomons.com,English
Dominica,Latin American and Caribbean States,,,3,100.00%,3,5ed5136868235a1f35484c1f,DOMINICA,Dominica,Dominica,Commonwealth of Dominica,"Permanent Mission of the Commonwealth
of Dominica to the United Nations
685 Third Avenue, Suite 1110
New York, NY 10017",212-949-0853,"212-808-4975
212-661-0979",12/18/78,3-Nov,1,,,,dominicaun@gmail.com,English
Saint Lucia,Latin American and Caribbean States,2,66.67%,1,33.33%,3,5ed5136868235a1f35484c7f,SAINT LUCIA,Saint Lucia,Saint Lucia,Saint Lucia,"Permanent Mission of Saint Lucia
to the United Nations
630 Third Avenue, Suite 702
New York, NY 10017",212-697-9360,212-697-4993,9/18/79,"Independence Day, 22 February",1,,,,info@stluciamission.org,English
Zimbabwe,African States,6,40.00%,9,60.00%,15,5ed5136868235a1f35484cae,ZIMBABWE,Zimbabwe,Zimbabwe,Republic of Zimbabwe,"Permanent Mission of the Republic
of Zimbabwe to the United Nations
228 East 45th Street, Third Floor
New York, NY 10017","212-980-9511
",212-308-6705,8/25/80,18-Apr,1,,,,zimnewyork@gmail.com,English
Saint Vincent and the Grenadines,Latin American and Caribbean States,6,100.00%,,,6,5ed5136868235a1f35484c80,SAINT VINCENT AND THE GRENADINES,Saint Vincent and the Grenadines,Saint Vincent and the Grenadines,Saint Vincent and the Grenadines,"Permanent Mission of Saint Vincent
and the Grenadines to the United Nations
685 Third Avenue, Suite 1108
New York, NY 10017","212-599-0950
212-599-0955",212-599-1020,9/16/80,"Independence Day, 27 October",1,,www.svg-un.org,,svgmission@gmail.com; ambassadorassistantsvg@gmail.com,English
Vanuatu,Asia-Pacific States,2,50.00%,2,50.00%,4,5ed5136868235a1f35484ca9,VANUATU,Vanuatu,Vanuatu,Republic of Vanuatu,"Permanent Mission of the Republic
of Vanuatu to the United Nations
685 Third Avenue, Suite 1103
New York, NY 10017",212-661-4303,212-661-5544,9/15/81,"Independence Day, 30 July",1,,,,vanunmis@aol.com,English
Belize,Latin American and Caribbean States,2,66.67%,1,33.33%,3,5ed5136868235a1f35484bff,BELIZE,Belize,Belize,Belize,"Permanent Mission of Belize
to the United Nations
675 Third Avenue, Suite 1911
New York, NY 10017
",212-986-1240,212-593-0932,9/25/81,"Independence Day, 21 September",1,,,,permanent.mission@mfa.gov.bz,English
Antigua and Barbuda,Latin American and Caribbean States,2,40.00%,3,60.00%,5,5ed5136868235a1f35484bf3,ANTIGUA AND BARBUDA,Antigua and Barbuda,Antigua and Barbuda,Antigua and Barbuda,"Permanent Mission of Antigua and Barbuda
to the United Nations
305 East 47th Street, 6th Floor
New York, NY 10017",212-541-4117,212-757-1607,11/11/81,"Independence Day, 1 November",1,,ab.gov.ag,,unmission@ab.gov.ag; jackley.peters@ab.gov.ag (Ambassador's Office),English
Saint Kitts and Nevis,Latin American and Caribbean States,3,75.00%,1,25.00%,4,5ed5136868235a1f35484c7e,SAINT KITTS AND NEVIS,Saint Kitts and Nevis,Saint Kitts and Nevis,Saint Kitts and Nevis,"Permanent Mission of Saint Kitts
and Nevis to the United Nations
370 Lexington Avenue, Suite 2202 (Floor 22)
New York, NY 10017
",212-535-1234,212-535-6854,9/23/83,"Independence Day, 19 September",1,,,,info@nymission.gov.kn,English
Brunei Darussalam,Asia-Pacific States,5,71.43%,2,28.57%,7,5ed5136868235a1f35484c06,BRUNEI DARUSSALAM,Brunei Darussalam,Brunei Darussalam,Negara Brunei Darussalam,"Permanent Mission of Brunei Darussalam
to the United Nations
771 United Nations Plaza
New York, NY 10017",212-697-3465,212-697-9889,9/21/84,"National Day, 23 February",1,,,,bruneiunmission@protonmail.com,English
Namibia,African States,4,44.44%,5,55.56%,9,5ed5136868235a1f35484c64,NAMIBIA,Namibia,Namibia,Republic of Namibia,"Permanent Mission of the Republic
of Namibia to the United Nations
135 East 36th Street
New York, NY 10016",212-685-2003,212-685-1561,4/23/90,"Independence Day, 21 March",1,,www.un.int/namibia,,info@namibiaunmission.org,English
Liechtenstein,Western European and other States,1,25.00%,3,75.00%,4,5ed5136868235a1f35484c50,LIECHTENSTEIN,Liechtenstein,Liechtenstein,Principality of Liechtenstein,"Permanent Mission of the Principality
of Liechtenstein to the United Nations
633 Third Avenue, 27th Floor
New York, NY 10017",212-599-0220,,9/18/90,15-Aug,1,,,Twitter: @LiechtensteinUN,newyork@llv.li,English
Democratic People's Republic of Korea,Asia-Pacific States,,,10,100.00%,10,5ed5136868235a1f35484c1b,DEMOCRATIC PEOPLE'S REPUBLIC OF KOREA,Democratic People's Republic of Korea,Democratic People's Republic of Korea,Democratic People's Republic of Korea,"Permanent Mission of the Democratic People‚Äôs Republic
of Korea to the United Nations
820 Second Avenue, Suite 13A
New York, NY 10017
","212-972-3105
212-972-3106",212-972-3154,9/17/91,"Foundation Day of the Democratic People's Republic of Korea, 9 September",1,,,,dprk.unmission@gmail.com,English
Estonia,Eastern European States,5,62.50%,3,37.50%,8,5ed5136868235a1f35484c26,ESTONIA,Estonia,Estonia,Republic of Estonia,"Permanent Mission of the Republic
of Estonia to the United Nations
3 Dag Hammarskj√∂ld Plaza
305 East 47th Street, Unit 6B
New York, NY 10017",212-883-0640,646-514-0099,9/17/91,"Independence Day, 24 February",1,,un.mfa.ee,,mission.newyork@mfa.ee,English
Latvia,Eastern European States,4,44.44%,5,55.56%,9,5ed5136868235a1f35484c4b,LATVIA,Latvia,Latvia,Republic of Latvia,"Permanent Mission of the Republic
of Latvia to the United Nations
One Dag Hammarskj√∂ld Plaza
885 Second Avenue, 31st Floor
New York, NY 10017",212-838-8877,,9/17/91,"Independence Day, 18 November",1,,,,mission.un-ny@mfa.gov.lv,English
Lithuania,Eastern European States,3,42.86%,4,57.14%,7,5ed5136868235a1f35484c51,LITHUANIA,Lithuania,Lithuania,Republic of Lithuania,"Permanent Mission of the Republic
of Lithuania to the United Nations
600 Third Avenue, 15th Floor
New York, NY 10016","212-983-9474
212-983-9470
212-983-9472",212-983-9473,9/17/91,"Independence Day, 16 February",1,,un.mfa.lt,,lithuaniaun@gmail.com,English
Marshall Islands,Asia-Pacific States,,,2,100.00%,2,5ed5136868235a1f35484c59,MARSHALL ISLANDS,Marshall Islands,Marshall Islands,Republic of the Marshall Islands,"Permanent Mission of the Republic
of the Marshall Islands to the United Nations
800 Second Avenue, 18th Floor
New York, NY 10017",212-983-3040,212-983-3202,9/17/91,"Constitution Day, 1 May",1,,"http
//marshallislands.un.int",,marshallislands@rmiunmission.org,English
Micronesia (Federated States of),Asia-Pacific States,1,33.33%,2,66.67%,3,5ed5136868235a1f35484c5d,MICRONESIA (FEDERATED STATES OF),Micronesia (Federated States of),Micronesia (Federated States of),Federated States of Micronesia,"Permanent Mission of the Federated States
of Micronesia to the United Nations
300 East 42nd Street, Suite 1600
New York, NY 10017",212-697-8370,212-697-8295,9/17/91,"Independence Day, 3 November",1,,www.fsmgov.org/fsmun/,,fsmun@fsmgov.org,English
Republic of Korea,Asia-Pacific States,14,35.00%,26,65.00%,40,5ed5136868235a1f35484c79,REPUBLIC OF KOREA,Republic of Korea,Republic of Korea,Republic of Korea,"Permanent Mission of the Republic
of Korea to the United Nations
335 East 45th Street
New York, NY 10017",212-439-4000,212-986-1083,9/17/91,"National Foundation Day, 3 October",1,,overseas.mofa.go.kr/un-en/index.do,,korea.un@mofa.go.kr,English
Armenia,Eastern European States,4,50.00%,4,50.00%,8,5ed5136868235a1f35484bf5,ARMENIA,Armenia,Armenia,Republic of Armenia,"Permanent Mission of the Republic
of Armenia to the United Nations
119 East 36th Street
New York, NY 10016","212-686-9079
212-686-3871",212-686-3934,3/2/92,"National Day, 21 September",1,,www.un.mfa.am,,armenia@missionun.org,English
Azerbaijan,Eastern European States,5,38.46%,8,61.54%,13,5ed5136868235a1f35484bf8,AZERBAIJAN,Azerbaijan,Azerbaijan,Republic of Azerbaijan,"Permanent Mission of the Republic
of Azerbaijan to the United Nations
633 Third Avenue, Suite 3210
New York, NY 10017","212-371-2559
212-371-2832",646-738-6143,3/2/92,"Independence Day, 28 May",1,,un.mfa.gov.az,Twitter: @AzmissionUN,mission@azerbaijanun.org,English
Kazakhstan,Asia-Pacific States,,,13,100.00%,13,5ed5136868235a1f35484c45,KAZAKHSTAN,Kazakhstan,Kazakhstan,Republic of Kazakhstan,"Permanent Mission of the Republic
of Kazakhstan to the United Nations
3 Dag Hammarskj√∂ld Plaza
305 East 47th Street, Third Floor
New York, NY 10017",212-230-1900,"212-230-1172
212-446-6782",3/2/92,"Day of the Republic, 25 October",1,,,,unkazmission@gmail.com,English
Kyrgyzstan,Asia-Pacific States,4,50.00%,4,50.00%,8,5ed5136868235a1f35484c49,KYRGYZSTAN,Kyrgyzstan,Kyrgyzstan,Kyrgyz Republic,"Permanent Mission of the Kyrgyz Republic
to the United Nations
866 United Nations Plaza, Suite 477
New York, NY 10017","212-486-4214
212-486-4654",212-486-5259,3/2/92,"Independence Day, 31 August",1,,mfa.gov.kg/en/dm/postoyannoe-predstavitelstvo-kyrgyzskoy-respubliki-pri-organizacii-obedinennyh-naciy-v-g-nyu-york,,Kyrgyz.unny@gmail.com,English
Republic of Moldova,Eastern European States,3,75.00%,1,25.00%,4,5ed5136868235a1f35484c7a,REPUBLIC OF MOLDOVA,Republic of Moldova,Republic of Moldova,Republic of Moldova,"Permanent Mission of the Republic
of Moldova to the United Nations
35 East 29th Street
New York, NY 10016",212-447-1867,212-447-4067,3/2/92,27-Aug,1,,"https

//rponuny.mfa.gov.md",,unmoldova@mfa.gov.md,English
San Marino,Western European and other States,1,50.00%,1,50.00%,2,5ed5136868235a1f35484c82,SAN MARINO,San Marino,San Marino,Republic of San Marino,"Permanent Mission of the Republic
of San Marino to the United Nations
327 East 50th Street
New York, NY 10022",212-751-1234,212-751-1436,3/2/92,3-Sep,1,,,,sanmarinoun@gmail.com,English
Tajikistan,Asia-Pacific States,,,5,100.00%,5,5ed5136868235a1f35484c97,TAJIKISTAN,Tajikistan,Tajikistan,Republic of Tajikistan,"Permanent Mission of the Republic
of Tajikistan to the United Nations
228 East, 45th Street, 17th Floor
New York, NY 10017",212-207-3315,212-207-3855,3/2/92,"Independence Day, 9 September",1,,,,tajikistanunmission@gmail.com,English
Turkmenistan,Asia-Pacific States,1,25.00%,3,75.00%,4,5ed5136868235a1f35484c9f,TURKMENISTAN,Turkmenistan,Turkmenistan,Turkmenistan,"Permanent Mission of Turkmenistan
to the United Nations
866 United Nations Plaza, Suite 540
New York, NY 10017",332-255-3060,646-219-3373,3/2/92,"Independence Day, 27 September",1,,un.mission.gov.tm/,,turkmenistan.un@mfa.gov.tm,English
Uzbekistan,Asia-Pacific States,,,7,100.00%,7,5ed5136868235a1f35484ca8,UZBEKISTAN,Uzbekistan,Uzbekistan,Republic of Uzbekistan,"Permanent Mission of the Republic
of Uzbekistan to the United Nations
630 Third Avenue, 5th Floor
New York, NY 10017",212-486-4242,212-486-7998,3/2/92,"Independence Day, 1 September",1,,,,uzbekistan.un@gmail.com,English
Bosnia and Herzegovina,Eastern European States,3,37.50%,5,62.50%,8,5ed5136868235a1f35484c03,BOSNIA AND HERZEGOVINA,Bosnia and Herzegovina,Bosnia and Herzegovina,Bosnia and Herzegovina,"Permanent Mission of Bosnia and Herzegovina to the United Nations
211 East 43rd Street, Unit 1701
New York, NY 10017


",212-751-9015,212-751-9019,5/22/92,"Independence Day, 1 March",1,,www.bhmissionun.org,,bihun@mvp.gov.ba,English
Croatia,Eastern European States,4,66.67%,2,33.33%,6,5ed5136868235a1f35484c17,CROATIA,Croatia,Croatia,Republic of Croatia,"Permanent Mission of the Republic
of Croatia to the United Nations
820 Second Avenue, 19th Floor
New York, NY 10017",646-273-2705,212-986-2011,5/22/92,"Statehood Day, 30 May",1,,un.mfa.hr,,cromiss.un@mvep.hr,English
Slovenia,Eastern European States,14,53.85%,12,46.15%,26,5ed5136868235a1f35484c8b,SLOVENIA,Slovenia,Slovenia,Republic of Slovenia,"Permanent Mission of the Republic
of Slovenia to the United Nations
630 Third Avenue, 20th Floor
New York, NY 10017",212-370-3007,212-370-1824,5/22/92,"National Day, 25 June",1,,www.newyork.mission.si,,slomission.newyork@gov.si,English
Georgia,Eastern European States,3,33.33%,6,66.67%,9,5ed5136868235a1f35484c2e,GEORGIA,Georgia,Georgia,Georgia,"Permanent Mission of Georgia
to the United Nations
One United Nations Plaza, 26th Floor
New York, NY 10017",212-759-1949,212-759-1832,7/21/92,"Independence Day, 26 May",1,,www.un.int/georgia,,geomission.un@mfa.gov.ge,English
Czechia,Eastern European States,5,35.71%,9,64.29%,14,5ed5136868235a1f35484c1a,CZECHIA,Czechia,Czechia,Czech Republic,"Permanent Mission of Czechia
to the United Nations
One Dag Hammarskj√∂ld Plaza
885 Second Avenue, 48th Floor
New York, NY 10017",646-981-4001,646-981-4099,1/19/93,28-Oct,1,,www.mfa.cz,,UN.Newyork@mzv.gov.cz,English
Slovakia,Eastern European States,2,20.00%,8,80.00%,10,5ed5136868235a1f35484c8a,SLOVAKIA,Slovakia,Slovakia,Slovak Republic,"Permanent Mission of the Slovak Republic
to the United Nations
866 United Nations Plaza, 2nd Floor, Unit 222
New York, NY 10017","212-286-8880 (General Numbers)
212-286-8476 (Permanent Representative‚Äôs Office)
212-286-8451 (Military Adviser‚Äôs Office)","212-286-8419 (Permanent Representative‚Äôs Office)
212-286-8451 (Military Adviser‚Äôs Office)",1/19/93,"Constitution Day, 1 September",1,,www.mzv.sk/unnewyork,,un.newyork@mzv.sk,English
North Macedonia,Eastern European States,2,100.00%,,,2,5ed5136868235a1f35484c6c,NORTH MACEDONIA,North Macedonia,North Macedonia,The Republic of North Macedonia,"Permanent Mission of the Republic
of North Macedonia to the United Nations
866 United Nations Plaza, Suite 570
New York, NY 10017","212-308-8504
212-308-8723",212-308-8724,4/8/93,2-Aug,1,,,,newyork@mfa.gov.mk,English
Eritrea,African States,2,33.33%,4,66.67%,6,5ed5136868235a1f35484c25,ERITREA,Eritrea,Eritrea,State of Eritrea,"Permanent Mission of Eritrea
to the United Nations
800 Second Avenue, 18th Floor
New York, NY 10017",212-687-3390,212-687-3138,5/28/93,"Independence Day, 24 May",1,,www.eritrea-unmission.org,,general@eritreaun.org,English
Monaco,Western European and other States,3,60.00%,2,40.00%,5,5ed5136868235a1f35484c5e,MONACO,Monaco,Monaco,Principality of Monaco,"Permanent Mission of the Principality
of Monaco to the United Nations
866 United Nations Plaza, Suite 520
New York, NY 10017",212-832-0721,,5/28/93,19-Nov,1,,,,monaco.un@gmail.com,French
Andorra,Western European and other States,2,66.67%,1,33.33%,3,5ed5136868235a1f35484bf1,ANDORRA,Andorra,Andorra,Principality of Andorra,"Permanent Mission of the Principality
of Andorra to the United Nations
Two United Nations Plaza, 27th Floor
New York, NY 10017","212-750-8064
212-750-8065",212-750-6630,7/28/93,8-Sep,1,,www.exteriors.ad,,missionandorraun@govern.ad,French; English
Palau,Asia-Pacific States,2,100.00%,,,2,5ed5136868235a1f35484c70,PALAU,Palau,Palau,Republic of Palau,"Permanent Mission of the Republic
of Palau to the United Nations
409 East 50th Street
New York, NY 10022
",201-523-6206,,12/15/94,"Independence Day, 1 October",1,,www.palauun.org,,mission@palauun.org,English
Kiribati,Asia-Pacific States,2,50.00%,2,50.00%,4,5ed5136868235a1f35484c47,KIRIBATI,Kiribati,Kiribati,Republic of Kiribati,"Permanent Mission of the Republic
of Kiribati to the United Nations
685 Third Avenue, Suite 1109
New York, NY 10017",212-867-3310,212-867-3320,9/14/99,12-Jul,1,,,,kimission.newyork@mfa.gov.ki,English
Nauru,Asia-Pacific States,3,100.00%,,,3,5ed5136868235a1f35484c65,NAURU,Nauru,Nauru,Republic of Nauru,"Permanent Mission of the Republic
of Nauru to the United Nations
300 East 42nd Street, Suite 1601
New York, NY 10017",212-937-0074,646-747-9589,9/14/99,"Independence Day, 31 January",1,,www.un.int/nauru,,"naurumission@nauruun.org
",English
Tonga,Asia-Pacific States,,,2,100.00%,2,5ed5136868235a1f35484c9b,TONGA,Tonga,Tonga,Kingdom of Tonga,"Permanent Mission of the Kingdom
of Tonga to the United Nations
250 East 51st Street
New York, NY 10022",646-692-3552,646-692-6070,9/14/99,4-Nov,1,,,,tongaunmission@gmail.com,English
Tuvalu,Asia-Pacific States,1,33.33%,2,66.67%,3,5ed5136868235a1f35484ca0,TUVALU,Tuvalu,Tuvalu,Tuvalu,"Permanent Mission of Tuvalu
to the United Nations
685 Third Avenue, Suite 1104
New York, NY 10017",212-490-0534,212-808-4975,9/5/00,"Independence Day, 1 October",1,,www.un.int/wcm/content/site/tuvalu,,tuvalu.unmission@gov.tv,English
Serbia,Eastern European States,5,38.46%,8,61.54%,13,5ed5136868235a1f35484c86,SERBIA,Serbia,Serbia,Republic of Serbia,"Permanent Mission of the Republic
of Serbia to the United Nations
22 East 35th Street
New York, NY 10016",646-490-7067,,11/1/00,"Statehood Day, 15 February",1,,www.serbia-un.mfa.gov.rs/,,info@serbiamissionun.org; PR.office@serbiamissionun.org,English
Switzerland,Western European and other States,15,57.69%,11,42.31%,26,5ed5136868235a1f35484c95,SWITZERLAND,Switzerland,Switzerland,Swiss Confederation,"Permanent Mission of Switzerland
to the United Nations
633 Third Avenue, 29th Floor
New York, NY 10017
",212-286-1540,212-286-1555,9/10/02,1-Aug,1,,www.eda.admin.ch/missny,,newyork.un@eda.admin.ch,French
Timor-Leste,Asia-Pacific States,,,4,100.00%,4,5ed5136868235a1f35484c99,TIMOR-LESTE,Timor-Leste,Timor-Leste,Democratic Republic of Timor-Leste,"Permanent Mission of the Democratic Republic
of Timor-Leste to the United Nations
866 United Nations Plaza, Suite 587
New York, NY 10017",212-759-3675,212-759-4196,9/27/02,20-May,1,,,,timorleste.unmission@gmail.com,English
Montenegro,Eastern European States,2,66.67%,1,33.33%,3,5ed5136868235a1f35484c60,MONTENEGRO,Montenegro,Montenegro,Montenegro,"Permanent Mission of Montenegro
to the United Nations
801 Second Avenue, 7th Floor
New York, NY 10017",212-661-3700,212-661-3755,6/28/06,13-Jul,1,,,,un.newyork@mfa.gov.me,English
South Sudan,African States,2,33.33%,4,66.67%,6,5ed5136868235a1f35484c8f,SOUTH SUDAN,South Sudan,South Sudan,Republic of South Sudan,"Permanent Mission of the Republic
of South Sudan to the United Nations 
336 East 45th Street, 5th Floor
New York, NY 10017
",646-362-1668,212-697-1353,7/14/11,9-Jul,1,,,,info@rssun-nyc.org,English
Côte d'Ivoire,African States,5,29.41%,12,70.59%,17,5ed5136868235a1f35484c16,C√îTE D'IVOIRE,Côte d'Ivoire,Côte d'Ivoire,Republic of Côte d'Ivoire,"Permanent Mission of C√¥te d‚ÄôIvoire
to the United Nations
800 Second Avenue, 5th Floor
New York, NY 10017","347-448-3091
",,9/20/60,7-Aug,1,,,,cotedivoiremission@yahoo.com,French